global_no	chapter	title	duration
1	1极限	1利用等价无穷小	28分17秒
2	1极限	2逆用等价无穷小+提项+拉格朗日	43分32秒
3	1极限	3凑项法	22分24秒
4	1极限	4差分法+泰勒展开	27分19秒
5	1极限	5stolze定理	58分37秒
6	1极限	6利用洛必达法则	30分23秒
7	1极限	7利用定积分的定义	58分8秒
8	1极限	8夹逼准则	34分25秒
9	1极限	9利用导数的定义	17分26秒
10	1极限	10积分放缩法+单调有界准则	38分32秒
11	1极限	11利用无穷级数	17分11秒
12	1极限	12拟合法	26分57秒
13	1极限	13极限的定义+斯特林公式+欧拉常数	38分33秒
14	1递推数列极限	14递推数列专题 差分求通项	30分1秒
15	1递推数列极限	15递推数列专题 做差法	15分58秒
16	1递推数列极限	16递推数列专题 递推函数导数正负	37分25秒
17	1递推数列极限	17递推数列专题 压缩映射	22分46秒
18	1递推数列极限	18递推数列专题 蛛网图解法	29分17秒
19	2一元积分（定积分和不定积分）	1有理函数积分	26分50秒
20	2一元积分（定积分和不定积分）	2三角有理函数积分	15分36秒
21	2一元积分（定积分和不定积分）	3无理函数积分	44分20秒
22	2一元积分（定积分和不定积分）	4分部积分法的应用	24分57秒
23	2一元积分（定积分和不定积分）	5表格积分法	8分11秒
24	2一元积分（定积分和不定积分）	6利用递推公式	41分44秒
25	2一元积分（定积分和不定积分）	7利用参数方程	20分27秒
26	2一元积分（定积分和不定积分）	8待定法	14分34秒
27	2一元积分（定积分和不定积分）	9无穷级数	25分11秒
28	2一元积分（定积分和不定积分）	10倒代换	9分20秒
29	2一元积分（定积分和不定积分）	11区间再现公式的应用	20分24秒
30	2一元积分（定积分和不定积分）	12符号积分	28分30秒
31	2一元积分（定积分和不定积分）	13反常积分	57分36秒
32	2一元积分（定积分和不定积分）	14泊松积分	7分53秒
33	3中值问题	1还原法	31分40秒
34	3中值问题	2微分方程法	34分41秒
35	3中值问题	3万能构造法	35分57秒
36	3中值问题	4二次构造辅助函数的情形	35分37秒
37	3中值问题	5万能构造在不等式极限中的应用	23分52秒
38	3中值问题	6推广的罗尔定理	23分48秒
39	3中值问题	7常数K值法	56分58秒
40	3中值问题	8柯西中值定理	37分27秒
41	3中值问题	9拉格朗日中值定理的几何意义	46分59秒
42	3中值问题	10双中值问题	1小时52分
43	3中值问题	11泰勒中值定理的运用	1小时46分
44	3中值问题	12中值极限的万能求法	36分1秒
45	3中值问题	13多项式拟合法	22分52秒
46	3中值问题	14分部积分法的应用	15分52秒
47	4二重积分	1换序和降阶	16分7秒
48	4二重积分	2对称性简化	14分45秒
49	4二重积分	3换元法及常见变换	1小时6分
50	4二重积分	4极坐标下角度定限	11分53秒
51	4二重积分	5符号函数的二重积分	1小时3分
52	4二重积分	6边界是参数方程形式的积分	7分50秒
53	4二重积分	7格林公式求二重积分	14分32秒
54	4二重积分	8二重积分的分部积分公式	32分40秒
55	4二重积分	9二元泰勒展开	23分49秒
56	5三重积分	1先二后一法和先一后二法	18分51秒
57	5三重积分	2三重积分对称性	13分12秒
58	5三重积分	3柱面坐标	14分5秒
59	5三重积分	4球面坐标	42分53秒
60	5三重积分	5广义球面坐标变换及伸缩变换	6分47秒
61	5三重积分	6平移变换	20分12秒
62	5三重积分	7高斯公式相关综合题	14分42秒
63	6曲线积分	1曲线对称性及两点法	21分59秒
64	6曲线积分	2参数化解曲线积分	1小时19分
65	6曲线积分	3格林公式的运用	32分36秒
66	6曲线积分	4空间曲线积分转平面曲线积分	18分50秒
67	6曲线积分	5积分与路径无关问题及直接积分法	42分17秒
68	7曲面积分	1两点法判断曲面积分对称性	24分46秒
69	7曲面积分	2一类曲面 投影法	12分45秒
70	7曲面积分	3一类曲面 参数方程法	26分51秒
71	7曲面积分	4一类曲面 换元法	16分42秒
72	7曲面积分	5二类曲面 投影法	22分18秒
73	7曲面积分	6 二类曲面 两类曲面关系+合一投影法	48分43秒
74	7曲面积分	7高斯公式技巧一：补面	36分51秒
75	7曲面积分	8高斯公式技巧二：挖点	23分33秒
76	7曲面积分	9曲面积分恒为零问题+曲面积分最值问题	18分43秒
77	7曲面积分	10斯托克斯公式化曲面积分	26分45秒
78	8微分方程	1可分离变量方程	38分35秒
79	8微分方程	2一阶非齐次线性方程+伯努利方程	21分32秒
80	8微分方程	3一阶非齐次线性方程解的性质	22分12秒
81	8微分方程	4变量颠倒	11分19秒
82	8微分方程	5常数变异法	17分8秒
83	8微分方程	6线性微分方程	14分20秒
84	8微分方程	7常系数线性微分方程+欧拉方程	27分43秒
85	8微分方程	8齐次方程	22分55秒
86	8微分方程	9可降阶的二阶方程	25分6秒
87	8微分方程	10全微分方程	16分
88	8微分方程	11积分因子	7分52秒
89	8微分方程	12积分方程	15分28秒
90	9无穷级数>常数项级数敛散性判断	1利用级数敛散的定义	15分54秒
91	9无穷级数>常数项级数敛散性判断	2从有界无界来判断敛散	12分1秒
92	9无穷级数>常数项级数敛散性判断	3极限形式比较审敛法	28分36秒
93	9无穷级数>常数项级数敛散性判断	4不等式形式比较审敛法修改	1小时19分
94	9无穷级数>常数项级数敛散性判断	5比值根值审敛法	15分40秒
95	9无穷级数>常数项级数敛散性判断	6级数收敛必要条件一般项趋于0	7分5秒
96	9无穷级数>常数项级数敛散性判断	7级数收敛必要条件余项趋于0	22分31秒
97	9无穷级数>常数项级数敛散性判断	8凑差分判断敛散性和求级数和	1小时8分
98	9无穷级数>常数项级数敛散性判断	9积分判别法	26分34秒
99	9无穷级数>常数项级数敛散性判断	10交错级数敛散性三大判别法	1小时8分
100	9无穷级数>幂级数+傅里叶级数	1和函数求法之求导法	23分49秒
101	9无穷级数>幂级数+傅里叶级数	2和函数求法之拆分法	25分33秒
102	9无穷级数>幂级数+傅里叶级数	3和函数求法之柯西乘积	9分37秒
103	9无穷级数>幂级数+傅里叶级数	4和函数求法之微分方程法	35分26秒
104	9无穷级数>幂级数+傅里叶级数	5收敛域收敛半径所有求法	53分49秒
105	9无穷级数>幂级数+傅里叶级数	6展开成幂级数方法一	27分37秒
106	9无穷级数>幂级数+傅里叶级数	7展开成幂级数方法二	16分20秒
107	9无穷级数>幂级数+傅里叶级数	8展开成幂级数方法三、四	9分34秒
108	9无穷级数>幂级数+傅里叶级数	9傅里叶级数	33分14秒
109	10微分不等式	1利用函数单调性 技巧一	22分3秒
110	10微分不等式	2利用函数单调性 技巧二	27分56秒
111	10微分不等式	3利用函数单调性 技巧三	32分29秒
112	10微分不等式	4利用函数单调性 技巧四	15分43秒
113	10微分不等式	5拉格朗日定理在不等式中的应用	16分35秒
114	10微分不等式	6泰勒中值定理在不等式中的应用	10分18秒
115	10微分不等式	7中值问题构造法在不等式中的应用	23分14秒
116	11积分不等式	1泰勒展开用法一 先消积分后展开	18分43秒
117	11积分不等式	2泰勒展开用法二 先展开后积分	17分12秒
118	11积分不等式	3构造函数利用函数单调性	17分12秒
119	11积分不等式	4区间拆分与合并	11分34秒
120	11积分不等式	5分段放缩提高放缩精度	26分38秒
121	11积分不等式	6牛顿莱布尼茨公式的应用	8分33秒
122	11积分不等式	7分部积分公式的应用	8分23秒
123	11积分不等式	8化二重积分	12分54秒
124	11积分不等式	9换元法的应用	27分24秒
